{"cameraMode":{"drawMode":0,"name":"Shaded","section":"Shading Mode"},"sceneLighting":false,"audioPlay":false,"sceneViewState":{"m_AlwaysRefresh":false,"showFog":true,"showSkybox":false,"showFlares":true,"showImageEffects":true,"showParticleSystems":true,"showVisualEffectGraphs":true,"m_FxEnabled":true},"in2DMode":false,"pivot":{"x":-0.021218739449977876,"y":1.3554015159606934,"z":0.026085685938596727},"rotation":{"x":0.008180562406778336,"y":-0.9698558449745178,"z":-0.03288022056221962,"w":-0.24134503304958344},"size":1.6667084693908692,"orthographic":false}