{"cameraMode":{"drawMode":0,"name":"Shaded","section":"Shading Mode"},"sceneLighting":false,"audioPlay":false,"sceneViewState":{"m_AlwaysRefresh":false,"showFog":true,"showSkybox":false,"showFlares":true,"showImageEffects":true,"showParticleSystems":true,"showVisualEffectGraphs":true,"m_FxEnabled":true},"in2DMode":false,"pivot":{"x":0.010029284283518792,"y":1.2536554336547852,"z":2.278785467147827},"rotation":{"x":-0.00014579412527382374,"y":-0.999594509601593,"z":0.028507251292467119,"w":-0.005090226419270039},"size":1.2247449159622193,"orthographic":false}