{"cameraMode":{"drawMode":0,"name":"Shaded","section":"Shading Mode"},"sceneLighting":false,"audioPlay":false,"sceneViewState":{"m_AlwaysRefresh":false,"showFog":true,"showSkybox":false,"showFlares":true,"showImageEffects":true,"showParticleSystems":true,"showVisualEffectGraphs":true,"m_FxEnabled":true},"in2DMode":false,"pivot":{"x":-0.5384734272956848,"y":1.7769306898117066,"z":-0.34226101636886599},"rotation":{"x":0.0010411515831947327,"y":-0.9945052266120911,"z":-0.10449597239494324,"w":-0.00983596034348011},"size":1.5199315547943116,"orthographic":false}